dataset,samples_num,f_samples_num,nf_samples_num,tweet_num,user_num,average_tweet_num,average_depth,average_leaf_num,average_time_span
misinfdect,11765,4085,7680,905691,754273,85.61908444576193,4.160942440585475,73.03071179493064,2012.477205341424
misinfdect,11765,4085,7680,905691,754273,85.61908444576193,4.160942440585475,73.03071179493064,2012.477205341424
new_pheme,6425,2402,4023,101342,50062,15.251632525964878,4.495194014792686,10.997049651801916,14.892071244832714
new_pheme,6425,2402,4023,101342,50062,15.251632525964878,4.495194014792686,10.997049651801916,14.892071244832714
misinfdect,11765,4085,7680,905691,754273,85.61908444576193,4.160942440585475,73.03071179493064,2012.477205341424
